,{,sensor
"  ""api_version"" : ""V1.0.11-0.0.49""",,4389
"  ""time_stamp"" : 1698116089",,4389
"  ""error"" : ""ApiKeyInvalidError""",,4389
"  ""description"" : ""The provided api_key was not valid.""",,4389
},,4389
"  ""api_version"" : ""V1.0.11-0.0.49""",,8474
"  ""time_stamp"" : 1698116089",,8474
"  ""error"" : ""ApiKeyInvalidError""",,8474
"  ""description"" : ""The provided api_key was not valid.""",,8474
},,8474
"  ""api_version"" : ""V1.0.11-0.0.49""",,11726
"  ""time_stamp"" : 1698116089",,11726
"  ""error"" : ""ApiKeyInvalidError""",,11726
"  ""description"" : ""The provided api_key was not valid.""",,11726
},,11726
"  ""api_version"" : ""V1.0.11-0.0.49""",,13997
"  ""time_stamp"" : 1698116090",,13997
"  ""error"" : ""ApiKeyInvalidError""",,13997
"  ""description"" : ""The provided api_key was not valid.""",,13997
},,13997
"  ""api_version"" : ""V1.0.11-0.0.49""",,15645
"  ""time_stamp"" : 1698116090",,15645
"  ""error"" : ""ApiKeyInvalidError""",,15645
"  ""description"" : ""The provided api_key was not valid.""",,15645
},,15645
"  ""api_version"" : ""V1.0.11-0.0.49""",,17817
"  ""time_stamp"" : 1698116090",,17817
"  ""error"" : ""ApiKeyInvalidError""",,17817
"  ""description"" : ""The provided api_key was not valid.""",,17817
},,17817
"  ""api_version"" : ""V1.0.11-0.0.49""",,17927
"  ""time_stamp"" : 1698116090",,17927
"  ""error"" : ""ApiKeyInvalidError""",,17927
"  ""description"" : ""The provided api_key was not valid.""",,17927
},,17927
"  ""api_version"" : ""V1.0.11-0.0.49""",,18997
"  ""time_stamp"" : 1698116090",,18997
"  ""error"" : ""ApiKeyInvalidError""",,18997
"  ""description"" : ""The provided api_key was not valid.""",,18997
},,18997
"  ""api_version"" : ""V1.0.11-0.0.49""",,19273
"  ""time_stamp"" : 1698116090",,19273
"  ""error"" : ""ApiKeyInvalidError""",,19273
"  ""description"" : ""The provided api_key was not valid.""",,19273
},,19273
"  ""api_version"" : ""V1.0.11-0.0.49""",,19275
"  ""time_stamp"" : 1698116091",,19275
"  ""error"" : ""ApiKeyInvalidError""",,19275
"  ""description"" : ""The provided api_key was not valid.""",,19275
},,19275
"  ""api_version"" : ""V1.0.11-0.0.49""",,19299
"  ""time_stamp"" : 1698116091",,19299
"  ""error"" : ""ApiKeyInvalidError""",,19299
"  ""description"" : ""The provided api_key was not valid.""",,19299
},,19299
"  ""api_version"" : ""V1.0.11-0.0.49""",,19471
"  ""time_stamp"" : 1698116091",,19471
"  ""error"" : ""ApiKeyInvalidError""",,19471
"  ""description"" : ""The provided api_key was not valid.""",,19471
},,19471
"  ""api_version"" : ""V1.0.11-0.0.49""",,19509
"  ""time_stamp"" : 1698116091",,19509
"  ""error"" : ""ApiKeyInvalidError""",,19509
"  ""description"" : ""The provided api_key was not valid.""",,19509
},,19509
"  ""api_version"" : ""V1.0.11-0.0.49""",,19664
"  ""time_stamp"" : 1698116091",,19664
"  ""error"" : ""ApiKeyInvalidError""",,19664
"  ""description"" : ""The provided api_key was not valid.""",,19664
},,19664
"  ""api_version"" : ""V1.0.11-0.0.49""",,20747
"  ""time_stamp"" : 1698116091",,20747
"  ""error"" : ""ApiKeyInvalidError""",,20747
"  ""description"" : ""The provided api_key was not valid.""",,20747
},,20747
"  ""api_version"" : ""V1.0.11-0.0.49""",,20951
"  ""time_stamp"" : 1698116091",,20951
"  ""error"" : ""ApiKeyInvalidError""",,20951
"  ""description"" : ""The provided api_key was not valid.""",,20951
},,20951
"  ""api_version"" : ""V1.0.11-0.0.49""",,21285
"  ""time_stamp"" : 1698116092",,21285
"  ""error"" : ""ApiKeyInvalidError""",,21285
"  ""description"" : ""The provided api_key was not valid.""",,21285
},,21285
"  ""api_version"" : ""V1.0.11-0.0.49""",,22067
"  ""time_stamp"" : 1698116092",,22067
"  ""error"" : ""ApiKeyInvalidError""",,22067
"  ""description"" : ""The provided api_key was not valid.""",,22067
},,22067
"  ""api_version"" : ""V1.0.11-0.0.49""",,22423
"  ""time_stamp"" : 1698116092",,22423
"  ""error"" : ""ApiKeyInvalidError""",,22423
"  ""description"" : ""The provided api_key was not valid.""",,22423
},,22423
"  ""api_version"" : ""V1.0.11-0.0.49""",,25745
"  ""time_stamp"" : 1698116092",,25745
"  ""error"" : ""ApiKeyInvalidError""",,25745
"  ""description"" : ""The provided api_key was not valid.""",,25745
},,25745
"  ""api_version"" : ""V1.0.11-0.0.49""",,25775
"  ""time_stamp"" : 1698116092",,25775
"  ""error"" : ""ApiKeyInvalidError""",,25775
"  ""description"" : ""The provided api_key was not valid.""",,25775
},,25775
"  ""api_version"" : ""V1.0.11-0.0.49""",,26231
"  ""time_stamp"" : 1698116092",,26231
"  ""error"" : ""ApiKeyInvalidError""",,26231
"  ""description"" : ""The provided api_key was not valid.""",,26231
},,26231
"  ""api_version"" : ""V1.0.11-0.0.49""",,27135
"  ""time_stamp"" : 1698116093",,27135
"  ""error"" : ""ApiKeyInvalidError""",,27135
"  ""description"" : ""The provided api_key was not valid.""",,27135
},,27135
"  ""api_version"" : ""V1.0.11-0.0.49""",,34711
"  ""time_stamp"" : 1698116093",,34711
"  ""error"" : ""ApiKeyInvalidError""",,34711
"  ""description"" : ""The provided api_key was not valid.""",,34711
},,34711
"  ""api_version"" : ""V1.0.11-0.0.49""",,34923
"  ""time_stamp"" : 1698116093",,34923
"  ""error"" : ""ApiKeyInvalidError""",,34923
"  ""description"" : ""The provided api_key was not valid.""",,34923
},,34923
"  ""api_version"" : ""V1.0.11-0.0.49""",,36111
"  ""time_stamp"" : 1698116093",,36111
"  ""error"" : ""ApiKeyInvalidError""",,36111
"  ""description"" : ""The provided api_key was not valid.""",,36111
},,36111
"  ""api_version"" : ""V1.0.11-0.0.49""",,36153
"  ""time_stamp"" : 1698116093",,36153
"  ""error"" : ""ApiKeyInvalidError""",,36153
"  ""description"" : ""The provided api_key was not valid.""",,36153
},,36153
"  ""api_version"" : ""V1.0.11-0.0.49""",,36355
"  ""time_stamp"" : 1698116093",,36355
"  ""error"" : ""ApiKeyInvalidError""",,36355
"  ""description"" : ""The provided api_key was not valid.""",,36355
},,36355
"  ""api_version"" : ""V1.0.11-0.0.49""",,37149
"  ""time_stamp"" : 1698116093",,37149
"  ""error"" : ""ApiKeyInvalidError""",,37149
"  ""description"" : ""The provided api_key was not valid.""",,37149
},,37149
"  ""api_version"" : ""V1.0.11-0.0.49""",,37311
"  ""time_stamp"" : 1698116094",,37311
"  ""error"" : ""ApiKeyInvalidError""",,37311
"  ""description"" : ""The provided api_key was not valid.""",,37311
},,37311
"  ""api_version"" : ""V1.0.11-0.0.49""",,37491
"  ""time_stamp"" : 1698116094",,37491
"  ""error"" : ""ApiKeyInvalidError""",,37491
"  ""description"" : ""The provided api_key was not valid.""",,37491
},,37491
"  ""api_version"" : ""V1.0.11-0.0.49""",,37693
"  ""time_stamp"" : 1698116094",,37693
"  ""error"" : ""ApiKeyInvalidError""",,37693
"  ""description"" : ""The provided api_key was not valid.""",,37693
},,37693
"  ""api_version"" : ""V1.0.11-0.0.49""",,38193
"  ""time_stamp"" : 1698116094",,38193
"  ""error"" : ""ApiKeyInvalidError""",,38193
"  ""description"" : ""The provided api_key was not valid.""",,38193
},,38193
"  ""api_version"" : ""V1.0.11-0.0.49""",,38613
"  ""time_stamp"" : 1698116094",,38613
"  ""error"" : ""ApiKeyInvalidError""",,38613
"  ""description"" : ""The provided api_key was not valid.""",,38613
},,38613
"  ""api_version"" : ""V1.0.11-0.0.49""",,38683
"  ""time_stamp"" : 1698116094",,38683
"  ""error"" : ""ApiKeyInvalidError""",,38683
"  ""description"" : ""The provided api_key was not valid.""",,38683
},,38683
"  ""api_version"" : ""V1.0.11-0.0.49""",,38849
"  ""time_stamp"" : 1698116095",,38849
"  ""error"" : ""ApiKeyInvalidError""",,38849
"  ""description"" : ""The provided api_key was not valid.""",,38849
},,38849
"  ""api_version"" : ""V1.0.11-0.0.49""",,40059
"  ""time_stamp"" : 1698116095",,40059
"  ""error"" : ""ApiKeyInvalidError""",,40059
"  ""description"" : ""The provided api_key was not valid.""",,40059
},,40059
"  ""api_version"" : ""V1.0.11-0.0.49""",,41399
"  ""time_stamp"" : 1698116095",,41399
"  ""error"" : ""ApiKeyInvalidError""",,41399
"  ""description"" : ""The provided api_key was not valid.""",,41399
},,41399
"  ""api_version"" : ""V1.0.11-0.0.49""",,41503
"  ""time_stamp"" : 1698116095",,41503
"  ""error"" : ""ApiKeyInvalidError""",,41503
"  ""description"" : ""The provided api_key was not valid.""",,41503
},,41503
"  ""api_version"" : ""V1.0.11-0.0.49""",,46127
"  ""time_stamp"" : 1698116096",,46127
"  ""error"" : ""ApiKeyInvalidError""",,46127
"  ""description"" : ""The provided api_key was not valid.""",,46127
},,46127
"  ""api_version"" : ""V1.0.11-0.0.49""",,46331
"  ""time_stamp"" : 1698116096",,46331
"  ""error"" : ""ApiKeyInvalidError""",,46331
"  ""description"" : ""The provided api_key was not valid.""",,46331
},,46331
"  ""api_version"" : ""V1.0.11-0.0.49""",,48701
"  ""time_stamp"" : 1698116096",,48701
"  ""error"" : ""ApiKeyInvalidError""",,48701
"  ""description"" : ""The provided api_key was not valid.""",,48701
},,48701
"  ""api_version"" : ""V1.0.11-0.0.49""",,50377
"  ""time_stamp"" : 1698116096",,50377
"  ""error"" : ""ApiKeyInvalidError""",,50377
"  ""description"" : ""The provided api_key was not valid.""",,50377
},,50377
"  ""api_version"" : ""V1.0.11-0.0.49""",,52995
"  ""time_stamp"" : 1698116096",,52995
"  ""error"" : ""ApiKeyInvalidError""",,52995
"  ""description"" : ""The provided api_key was not valid.""",,52995
},,52995
"  ""api_version"" : ""V1.0.11-0.0.49""",,53135
"  ""time_stamp"" : 1698116097",,53135
"  ""error"" : ""ApiKeyInvalidError""",,53135
"  ""description"" : ""The provided api_key was not valid.""",,53135
},,53135
"  ""api_version"" : ""V1.0.11-0.0.49""",,53219
"  ""time_stamp"" : 1698116097",,53219
"  ""error"" : ""ApiKeyInvalidError""",,53219
"  ""description"" : ""The provided api_key was not valid.""",,53219
},,53219
"  ""api_version"" : ""V1.0.11-0.0.49""",,53463
"  ""time_stamp"" : 1698116097",,53463
"  ""error"" : ""ApiKeyInvalidError""",,53463
"  ""description"" : ""The provided api_key was not valid.""",,53463
},,53463
"  ""api_version"" : ""V1.0.11-0.0.49""",,53917
"  ""time_stamp"" : 1698116097",,53917
"  ""error"" : ""ApiKeyInvalidError""",,53917
"  ""description"" : ""The provided api_key was not valid.""",,53917
},,53917
"  ""api_version"" : ""V1.0.11-0.0.49""",,53963
"  ""time_stamp"" : 1698116097",,53963
"  ""error"" : ""ApiKeyInvalidError""",,53963
"  ""description"" : ""The provided api_key was not valid.""",,53963
},,53963
"  ""api_version"" : ""V1.0.11-0.0.49""",,54837
"  ""time_stamp"" : 1698116097",,54837
"  ""error"" : ""ApiKeyInvalidError""",,54837
"  ""description"" : ""The provided api_key was not valid.""",,54837
},,54837
"  ""api_version"" : ""V1.0.11-0.0.49""",,55183
"  ""time_stamp"" : 1698116098",,55183
"  ""error"" : ""ApiKeyInvalidError""",,55183
"  ""description"" : ""The provided api_key was not valid.""",,55183
},,55183
"  ""api_version"" : ""V1.0.11-0.0.49""",,55617
"  ""time_stamp"" : 1698116098",,55617
"  ""error"" : ""ApiKeyInvalidError""",,55617
"  ""description"" : ""The provided api_key was not valid.""",,55617
},,55617
"  ""api_version"" : ""V1.0.11-0.0.49""",,55811
"  ""time_stamp"" : 1698116098",,55811
"  ""error"" : ""ApiKeyInvalidError""",,55811
"  ""description"" : ""The provided api_key was not valid.""",,55811
},,55811
"  ""api_version"" : ""V1.0.11-0.0.49""",,55817
"  ""time_stamp"" : 1698116098",,55817
"  ""error"" : ""ApiKeyInvalidError""",,55817
"  ""description"" : ""The provided api_key was not valid.""",,55817
},,55817
"  ""api_version"" : ""V1.0.11-0.0.49""",,55833
"  ""time_stamp"" : 1698116098",,55833
"  ""error"" : ""ApiKeyInvalidError""",,55833
"  ""description"" : ""The provided api_key was not valid.""",,55833
},,55833
"  ""api_version"" : ""V1.0.11-0.0.49""",,55915
"  ""time_stamp"" : 1698116098",,55915
"  ""error"" : ""ApiKeyInvalidError""",,55915
"  ""description"" : ""The provided api_key was not valid.""",,55915
},,55915
"  ""api_version"" : ""V1.0.11-0.0.49""",,55961
"  ""time_stamp"" : 1698116099",,55961
"  ""error"" : ""ApiKeyInvalidError""",,55961
"  ""description"" : ""The provided api_key was not valid.""",,55961
},,55961
"  ""api_version"" : ""V1.0.11-0.0.49""",,55991
"  ""time_stamp"" : 1698116099",,55991
"  ""error"" : ""ApiKeyInvalidError""",,55991
"  ""description"" : ""The provided api_key was not valid.""",,55991
},,55991
"  ""api_version"" : ""V1.0.11-0.0.49""",,56071
"  ""time_stamp"" : 1698116099",,56071
"  ""error"" : ""ApiKeyInvalidError""",,56071
"  ""description"" : ""The provided api_key was not valid.""",,56071
},,56071
"  ""api_version"" : ""V1.0.11-0.0.49""",,56281
"  ""time_stamp"" : 1698116099",,56281
"  ""error"" : ""ApiKeyInvalidError""",,56281
"  ""description"" : ""The provided api_key was not valid.""",,56281
},,56281
"  ""api_version"" : ""V1.0.11-0.0.49""",,59649
"  ""time_stamp"" : 1698116099",,59649
"  ""error"" : ""ApiKeyInvalidError""",,59649
"  ""description"" : ""The provided api_key was not valid.""",,59649
},,59649
"  ""api_version"" : ""V1.0.11-0.0.49""",,59711
"  ""time_stamp"" : 1698116099",,59711
"  ""error"" : ""ApiKeyInvalidError""",,59711
"  ""description"" : ""The provided api_key was not valid.""",,59711
},,59711
"  ""api_version"" : ""V1.0.11-0.0.49""",,59737
"  ""time_stamp"" : 1698116100",,59737
"  ""error"" : ""ApiKeyInvalidError""",,59737
"  ""description"" : ""The provided api_key was not valid.""",,59737
},,59737
"  ""api_version"" : ""V1.0.11-0.0.49""",,59921
"  ""time_stamp"" : 1698116100",,59921
"  ""error"" : ""ApiKeyInvalidError""",,59921
"  ""description"" : ""The provided api_key was not valid.""",,59921
},,59921
"  ""api_version"" : ""V1.0.11-0.0.49""",,59997
"  ""time_stamp"" : 1698116100",,59997
"  ""error"" : ""ApiKeyInvalidError""",,59997
"  ""description"" : ""The provided api_key was not valid.""",,59997
},,59997
"  ""api_version"" : ""V1.0.11-0.0.49""",,60025
"  ""time_stamp"" : 1698116100",,60025
"  ""error"" : ""ApiKeyInvalidError""",,60025
"  ""description"" : ""The provided api_key was not valid.""",,60025
},,60025
"  ""api_version"" : ""V1.0.11-0.0.49""",,60083
"  ""time_stamp"" : 1698116100",,60083
"  ""error"" : ""ApiKeyInvalidError""",,60083
"  ""description"" : ""The provided api_key was not valid.""",,60083
},,60083
"  ""api_version"" : ""V1.0.11-0.0.49""",,60167
"  ""time_stamp"" : 1698116100",,60167
"  ""error"" : ""ApiKeyInvalidError""",,60167
"  ""description"" : ""The provided api_key was not valid.""",,60167
},,60167
"  ""api_version"" : ""V1.0.11-0.0.49""",,60333
"  ""time_stamp"" : 1698116101",,60333
"  ""error"" : ""ApiKeyInvalidError""",,60333
"  ""description"" : ""The provided api_key was not valid.""",,60333
},,60333
"  ""api_version"" : ""V1.0.11-0.0.49""",,60653
"  ""time_stamp"" : 1698116101",,60653
"  ""error"" : ""ApiKeyInvalidError""",,60653
"  ""description"" : ""The provided api_key was not valid.""",,60653
},,60653
"  ""api_version"" : ""V1.0.11-0.0.49""",,60679
"  ""time_stamp"" : 1698116101",,60679
"  ""error"" : ""ApiKeyInvalidError""",,60679
"  ""description"" : ""The provided api_key was not valid.""",,60679
},,60679
"  ""api_version"" : ""V1.0.11-0.0.49""",,60711
"  ""time_stamp"" : 1698116101",,60711
"  ""error"" : ""ApiKeyInvalidError""",,60711
"  ""description"" : ""The provided api_key was not valid.""",,60711
},,60711
"  ""api_version"" : ""V1.0.11-0.0.49""",,61191
"  ""time_stamp"" : 1698116102",,61191
"  ""error"" : ""ApiKeyInvalidError""",,61191
"  ""description"" : ""The provided api_key was not valid.""",,61191
},,61191
"  ""api_version"" : ""V1.0.11-0.0.49""",,61359
"  ""time_stamp"" : 1698116102",,61359
"  ""error"" : ""ApiKeyInvalidError""",,61359
"  ""description"" : ""The provided api_key was not valid.""",,61359
},,61359
"  ""api_version"" : ""V1.0.11-0.0.49""",,61423
"  ""time_stamp"" : 1698116102",,61423
"  ""error"" : ""ApiKeyInvalidError""",,61423
"  ""description"" : ""The provided api_key was not valid.""",,61423
},,61423
"  ""api_version"" : ""V1.0.11-0.0.49""",,61439
"  ""time_stamp"" : 1698116102",,61439
"  ""error"" : ""ApiKeyInvalidError""",,61439
"  ""description"" : ""The provided api_key was not valid.""",,61439
},,61439
"  ""api_version"" : ""V1.0.11-0.0.49""",,61621
"  ""time_stamp"" : 1698116103",,61621
"  ""error"" : ""ApiKeyInvalidError""",,61621
"  ""description"" : ""The provided api_key was not valid.""",,61621
},,61621
"  ""api_version"" : ""V1.0.11-0.0.49""",,62227
"  ""time_stamp"" : 1698116103",,62227
"  ""error"" : ""ApiKeyInvalidError""",,62227
"  ""description"" : ""The provided api_key was not valid.""",,62227
},,62227
"  ""api_version"" : ""V1.0.11-0.0.49""",,62303
"  ""time_stamp"" : 1698116103",,62303
"  ""error"" : ""ApiKeyInvalidError""",,62303
"  ""description"" : ""The provided api_key was not valid.""",,62303
},,62303
"  ""api_version"" : ""V1.0.11-0.0.49""",,62363
"  ""time_stamp"" : 1698116103",,62363
"  ""error"" : ""ApiKeyInvalidError""",,62363
"  ""description"" : ""The provided api_key was not valid.""",,62363
},,62363
"  ""api_version"" : ""V1.0.11-0.0.49""",,62481
"  ""time_stamp"" : 1698116105",,62481
"  ""error"" : ""ApiKeyInvalidError""",,62481
"  ""description"" : ""The provided api_key was not valid.""",,62481
},,62481
"  ""api_version"" : ""V1.0.11-0.0.49""",,63257
"  ""time_stamp"" : 1698116105",,63257
"  ""error"" : ""ApiKeyInvalidError""",,63257
"  ""description"" : ""The provided api_key was not valid.""",,63257
},,63257
"  ""api_version"" : ""V1.0.11-0.0.49""",,63473
"  ""time_stamp"" : 1698116105",,63473
"  ""error"" : ""ApiKeyInvalidError""",,63473
"  ""description"" : ""The provided api_key was not valid.""",,63473
},,63473
"  ""api_version"" : ""V1.0.11-0.0.49""",,63509
"  ""time_stamp"" : 1698116105",,63509
"  ""error"" : ""ApiKeyInvalidError""",,63509
"  ""description"" : ""The provided api_key was not valid.""",,63509
},,63509
"  ""api_version"" : ""V1.0.11-0.0.49""",,63553
"  ""time_stamp"" : 1698116105",,63553
"  ""error"" : ""ApiKeyInvalidError""",,63553
"  ""description"" : ""The provided api_key was not valid.""",,63553
},,63553
"  ""api_version"" : ""V1.0.11-0.0.49""",,63605
"  ""time_stamp"" : 1698116105",,63605
"  ""error"" : ""ApiKeyInvalidError""",,63605
"  ""description"" : ""The provided api_key was not valid.""",,63605
},,63605
"  ""api_version"" : ""V1.0.11-0.0.49""",,63849
"  ""time_stamp"" : 1698116105",,63849
"  ""error"" : ""ApiKeyInvalidError""",,63849
"  ""description"" : ""The provided api_key was not valid.""",,63849
},,63849
"  ""api_version"" : ""V1.0.11-0.0.49""",,63981
"  ""time_stamp"" : 1698116106",,63981
"  ""error"" : ""ApiKeyInvalidError""",,63981
"  ""description"" : ""The provided api_key was not valid.""",,63981
},,63981
"  ""api_version"" : ""V1.0.11-0.0.49""",,64063
"  ""time_stamp"" : 1698116106",,64063
"  ""error"" : ""ApiKeyInvalidError""",,64063
"  ""description"" : ""The provided api_key was not valid.""",,64063
},,64063
"  ""api_version"" : ""V1.0.11-0.0.49""",,64389
"  ""time_stamp"" : 1698116106",,64389
"  ""error"" : ""ApiKeyInvalidError""",,64389
"  ""description"" : ""The provided api_key was not valid.""",,64389
},,64389
"  ""api_version"" : ""V1.0.11-0.0.49""",,64423
"  ""time_stamp"" : 1698116106",,64423
"  ""error"" : ""ApiKeyInvalidError""",,64423
"  ""description"" : ""The provided api_key was not valid.""",,64423
},,64423
"  ""api_version"" : ""V1.0.11-0.0.49""",,64429
"  ""time_stamp"" : 1698116106",,64429
"  ""error"" : ""ApiKeyInvalidError""",,64429
"  ""description"" : ""The provided api_key was not valid.""",,64429
},,64429
"  ""api_version"" : ""V1.0.11-0.0.49""",,64489
"  ""time_stamp"" : 1698116107",,64489
"  ""error"" : ""ApiKeyInvalidError""",,64489
"  ""description"" : ""The provided api_key was not valid.""",,64489
},,64489
"  ""api_version"" : ""V1.0.11-0.0.49""",,64797
"  ""time_stamp"" : 1698116107",,64797
"  ""error"" : ""ApiKeyInvalidError""",,64797
"  ""description"" : ""The provided api_key was not valid.""",,64797
},,64797
"  ""api_version"" : ""V1.0.11-0.0.49""",,64953
"  ""time_stamp"" : 1698116107",,64953
"  ""error"" : ""ApiKeyInvalidError""",,64953
"  ""description"" : ""The provided api_key was not valid.""",,64953
},,64953
"  ""api_version"" : ""V1.0.11-0.0.49""",,65225
"  ""time_stamp"" : 1698116107",,65225
"  ""error"" : ""ApiKeyInvalidError""",,65225
"  ""description"" : ""The provided api_key was not valid.""",,65225
},,65225
"  ""api_version"" : ""V1.0.11-0.0.49""",,65227
"  ""time_stamp"" : 1698116107",,65227
"  ""error"" : ""ApiKeyInvalidError""",,65227
"  ""description"" : ""The provided api_key was not valid.""",,65227
},,65227
"  ""api_version"" : ""V1.0.11-0.0.49""",,65251
"  ""time_stamp"" : 1698116108",,65251
"  ""error"" : ""ApiKeyInvalidError""",,65251
"  ""description"" : ""The provided api_key was not valid.""",,65251
},,65251
"  ""api_version"" : ""V1.0.11-0.0.49""",,65375
"  ""time_stamp"" : 1698116108",,65375
"  ""error"" : ""ApiKeyInvalidError""",,65375
"  ""description"" : ""The provided api_key was not valid.""",,65375
},,65375
"  ""api_version"" : ""V1.0.11-0.0.49""",,65707
"  ""time_stamp"" : 1698116108",,65707
"  ""error"" : ""ApiKeyInvalidError""",,65707
"  ""description"" : ""The provided api_key was not valid.""",,65707
},,65707
"  ""api_version"" : ""V1.0.11-0.0.49""",,65747
"  ""time_stamp"" : 1698116108",,65747
"  ""error"" : ""ApiKeyInvalidError""",,65747
"  ""description"" : ""The provided api_key was not valid.""",,65747
},,65747
"  ""api_version"" : ""V1.0.11-0.0.49""",,65787
"  ""time_stamp"" : 1698116109",,65787
"  ""error"" : ""ApiKeyInvalidError""",,65787
"  ""description"" : ""The provided api_key was not valid.""",,65787
},,65787
"  ""api_version"" : ""V1.0.11-0.0.49""",,65849
"  ""time_stamp"" : 1698116109",,65849
"  ""error"" : ""ApiKeyInvalidError""",,65849
"  ""description"" : ""The provided api_key was not valid.""",,65849
},,65849
"  ""api_version"" : ""V1.0.11-0.0.49""",,65867
"  ""time_stamp"" : 1698116109",,65867
"  ""error"" : ""ApiKeyInvalidError""",,65867
"  ""description"" : ""The provided api_key was not valid.""",,65867
},,65867
"  ""api_version"" : ""V1.0.11-0.0.49""",,65901
"  ""time_stamp"" : 1698116109",,65901
"  ""error"" : ""ApiKeyInvalidError""",,65901
"  ""description"" : ""The provided api_key was not valid.""",,65901
},,65901
"  ""api_version"" : ""V1.0.11-0.0.49""",,66155
"  ""time_stamp"" : 1698116110",,66155
"  ""error"" : ""ApiKeyInvalidError""",,66155
"  ""description"" : ""The provided api_key was not valid.""",,66155
},,66155
"  ""api_version"" : ""V1.0.11-0.0.49""",,67091
"  ""time_stamp"" : 1698116110",,67091
"  ""error"" : ""ApiKeyInvalidError""",,67091
"  ""description"" : ""The provided api_key was not valid.""",,67091
},,67091
"  ""api_version"" : ""V1.0.11-0.0.49""",,67261
"  ""time_stamp"" : 1698116110",,67261
"  ""error"" : ""ApiKeyInvalidError""",,67261
"  ""description"" : ""The provided api_key was not valid.""",,67261
},,67261
"  ""api_version"" : ""V1.0.11-0.0.49""",,67265
"  ""time_stamp"" : 1698116110",,67265
"  ""error"" : ""ApiKeyInvalidError""",,67265
"  ""description"" : ""The provided api_key was not valid.""",,67265
},,67265
"  ""api_version"" : ""V1.0.11-0.0.49""",,67325
"  ""time_stamp"" : 1698116110",,67325
"  ""error"" : ""ApiKeyInvalidError""",,67325
"  ""description"" : ""The provided api_key was not valid.""",,67325
},,67325
"  ""api_version"" : ""V1.0.11-0.0.49""",,67359
"  ""time_stamp"" : 1698116110",,67359
"  ""error"" : ""ApiKeyInvalidError""",,67359
"  ""description"" : ""The provided api_key was not valid.""",,67359
},,67359
"  ""api_version"" : ""V1.0.11-0.0.49""",,67787
"  ""time_stamp"" : 1698116111",,67787
"  ""error"" : ""ApiKeyInvalidError""",,67787
"  ""description"" : ""The provided api_key was not valid.""",,67787
},,67787
"  ""api_version"" : ""V1.0.11-0.0.49""",,67801
"  ""time_stamp"" : 1698116111",,67801
"  ""error"" : ""ApiKeyInvalidError""",,67801
"  ""description"" : ""The provided api_key was not valid.""",,67801
},,67801
"  ""api_version"" : ""V1.0.11-0.0.49""",,67943
"  ""time_stamp"" : 1698116111",,67943
"  ""error"" : ""ApiKeyInvalidError""",,67943
"  ""description"" : ""The provided api_key was not valid.""",,67943
},,67943
"  ""api_version"" : ""V1.0.11-0.0.49""",,67951
"  ""time_stamp"" : 1698116111",,67951
"  ""error"" : ""ApiKeyInvalidError""",,67951
"  ""description"" : ""The provided api_key was not valid.""",,67951
},,67951
"  ""api_version"" : ""V1.0.11-0.0.49""",,68437
"  ""time_stamp"" : 1698116111",,68437
"  ""error"" : ""ApiKeyInvalidError""",,68437
"  ""description"" : ""The provided api_key was not valid.""",,68437
},,68437
"  ""api_version"" : ""V1.0.11-0.0.49""",,68657
"  ""time_stamp"" : 1698116111",,68657
"  ""error"" : ""ApiKeyInvalidError""",,68657
"  ""description"" : ""The provided api_key was not valid.""",,68657
},,68657
"  ""api_version"" : ""V1.0.11-0.0.49""",,68711
"  ""time_stamp"" : 1698116112",,68711
"  ""error"" : ""ApiKeyInvalidError""",,68711
"  ""description"" : ""The provided api_key was not valid.""",,68711
},,68711
"  ""api_version"" : ""V1.0.11-0.0.49""",,68943
"  ""time_stamp"" : 1698116112",,68943
"  ""error"" : ""ApiKeyInvalidError""",,68943
"  ""description"" : ""The provided api_key was not valid.""",,68943
},,68943
"  ""api_version"" : ""V1.0.11-0.0.49""",,69101
"  ""time_stamp"" : 1698116112",,69101
"  ""error"" : ""ApiKeyInvalidError""",,69101
"  ""description"" : ""The provided api_key was not valid.""",,69101
},,69101
"  ""api_version"" : ""V1.0.11-0.0.49""",,69121
"  ""time_stamp"" : 1698116112",,69121
"  ""error"" : ""ApiKeyInvalidError""",,69121
"  ""description"" : ""The provided api_key was not valid.""",,69121
},,69121
"  ""api_version"" : ""V1.0.11-0.0.49""",,69131
"  ""time_stamp"" : 1698116112",,69131
"  ""error"" : ""ApiKeyInvalidError""",,69131
"  ""description"" : ""The provided api_key was not valid.""",,69131
},,69131
"  ""api_version"" : ""V1.0.11-0.0.49""",,69235
"  ""time_stamp"" : 1698116112",,69235
"  ""error"" : ""ApiKeyInvalidError""",,69235
"  ""description"" : ""The provided api_key was not valid.""",,69235
},,69235
"  ""api_version"" : ""V1.0.11-0.0.49""",,69249
"  ""time_stamp"" : 1698116112",,69249
"  ""error"" : ""ApiKeyInvalidError""",,69249
"  ""description"" : ""The provided api_key was not valid.""",,69249
},,69249
"  ""api_version"" : ""V1.0.11-0.0.49""",,69323
"  ""time_stamp"" : 1698116113",,69323
"  ""error"" : ""ApiKeyInvalidError""",,69323
"  ""description"" : ""The provided api_key was not valid.""",,69323
},,69323
"  ""api_version"" : ""V1.0.11-0.0.49""",,69587
"  ""time_stamp"" : 1698116113",,69587
"  ""error"" : ""ApiKeyInvalidError""",,69587
"  ""description"" : ""The provided api_key was not valid.""",,69587
},,69587
"  ""api_version"" : ""V1.0.11-0.0.49""",,69851
"  ""time_stamp"" : 1698116113",,69851
"  ""error"" : ""ApiKeyInvalidError""",,69851
"  ""description"" : ""The provided api_key was not valid.""",,69851
},,69851
"  ""api_version"" : ""V1.0.11-0.0.49""",,69919
"  ""time_stamp"" : 1698116124",,69919
"  ""error"" : ""ApiKeyInvalidError""",,69919
"  ""description"" : ""The provided api_key was not valid.""",,69919
},,69919
"  ""api_version"" : ""V1.0.11-0.0.49""",,70015
"  ""time_stamp"" : 1698116124",,70015
"  ""error"" : ""ApiKeyInvalidError""",,70015
"  ""description"" : ""The provided api_key was not valid.""",,70015
},,70015
"  ""api_version"" : ""V1.0.11-0.0.49""",,70109
"  ""time_stamp"" : 1698116124",,70109
"  ""error"" : ""ApiKeyInvalidError""",,70109
"  ""description"" : ""The provided api_key was not valid.""",,70109
},,70109
"  ""api_version"" : ""V1.0.11-0.0.49""",,70117
"  ""time_stamp"" : 1698116125",,70117
"  ""error"" : ""ApiKeyInvalidError""",,70117
"  ""description"" : ""The provided api_key was not valid.""",,70117
},,70117
"  ""api_version"" : ""V1.0.11-0.0.49""",,70663
"  ""time_stamp"" : 1698116125",,70663
"  ""error"" : ""ApiKeyInvalidError""",,70663
"  ""description"" : ""The provided api_key was not valid.""",,70663
},,70663
"  ""api_version"" : ""V1.0.11-0.0.49""",,70669
"  ""time_stamp"" : 1698116125",,70669
"  ""error"" : ""ApiKeyInvalidError""",,70669
"  ""description"" : ""The provided api_key was not valid.""",,70669
},,70669
"  ""api_version"" : ""V1.0.11-0.0.49""",,71453
"  ""time_stamp"" : 1698116125",,71453
"  ""error"" : ""ApiKeyInvalidError""",,71453
"  ""description"" : ""The provided api_key was not valid.""",,71453
},,71453
"  ""api_version"" : ""V1.0.11-0.0.49""",,71461
"  ""time_stamp"" : 1698116125",,71461
"  ""error"" : ""ApiKeyInvalidError""",,71461
"  ""description"" : ""The provided api_key was not valid.""",,71461
},,71461
"  ""api_version"" : ""V1.0.11-0.0.49""",,71503
"  ""time_stamp"" : 1698116125",,71503
"  ""error"" : ""ApiKeyInvalidError""",,71503
"  ""description"" : ""The provided api_key was not valid.""",,71503
},,71503
"  ""api_version"" : ""V1.0.11-0.0.49""",,71561
"  ""time_stamp"" : 1698116125",,71561
"  ""error"" : ""ApiKeyInvalidError""",,71561
"  ""description"" : ""The provided api_key was not valid.""",,71561
},,71561
"  ""api_version"" : ""V1.0.11-0.0.49""",,71603
"  ""time_stamp"" : 1698116126",,71603
"  ""error"" : ""ApiKeyInvalidError""",,71603
"  ""description"" : ""The provided api_key was not valid.""",,71603
},,71603
"  ""api_version"" : ""V1.0.11-0.0.49""",,71637
"  ""time_stamp"" : 1698116126",,71637
"  ""error"" : ""ApiKeyInvalidError""",,71637
"  ""description"" : ""The provided api_key was not valid.""",,71637
},,71637
"  ""api_version"" : ""V1.0.11-0.0.49""",,71797
"  ""time_stamp"" : 1698116126",,71797
"  ""error"" : ""ApiKeyInvalidError""",,71797
"  ""description"" : ""The provided api_key was not valid.""",,71797
},,71797
"  ""api_version"" : ""V1.0.11-0.0.49""",,72317
"  ""time_stamp"" : 1698116126",,72317
"  ""error"" : ""ApiKeyInvalidError""",,72317
"  ""description"" : ""The provided api_key was not valid.""",,72317
},,72317
"  ""api_version"" : ""V1.0.11-0.0.49""",,72609
"  ""time_stamp"" : 1698116126",,72609
"  ""error"" : ""ApiKeyInvalidError""",,72609
"  ""description"" : ""The provided api_key was not valid.""",,72609
},,72609
"  ""api_version"" : ""V1.0.11-0.0.49""",,73149
"  ""time_stamp"" : 1698116126",,73149
"  ""error"" : ""ApiKeyInvalidError""",,73149
"  ""description"" : ""The provided api_key was not valid.""",,73149
},,73149
"  ""api_version"" : ""V1.0.11-0.0.49""",,73231
"  ""time_stamp"" : 1698116127",,73231
"  ""error"" : ""ApiKeyInvalidError""",,73231
"  ""description"" : ""The provided api_key was not valid.""",,73231
},,73231
"  ""api_version"" : ""V1.0.11-0.0.49""",,73565
"  ""time_stamp"" : 1698116127",,73565
"  ""error"" : ""ApiKeyInvalidError""",,73565
"  ""description"" : ""The provided api_key was not valid.""",,73565
},,73565
"  ""api_version"" : ""V1.0.11-0.0.49""",,74161
"  ""time_stamp"" : 1698116127",,74161
"  ""error"" : ""ApiKeyInvalidError""",,74161
"  ""description"" : ""The provided api_key was not valid.""",,74161
},,74161
"  ""api_version"" : ""V1.0.11-0.0.49""",,74275
"  ""time_stamp"" : 1698116127",,74275
"  ""error"" : ""ApiKeyInvalidError""",,74275
"  ""description"" : ""The provided api_key was not valid.""",,74275
},,74275
"  ""api_version"" : ""V1.0.11-0.0.49""",,74481
"  ""time_stamp"" : 1698116127",,74481
"  ""error"" : ""ApiKeyInvalidError""",,74481
"  ""description"" : ""The provided api_key was not valid.""",,74481
},,74481
"  ""api_version"" : ""V1.0.11-0.0.49""",,75139
"  ""time_stamp"" : 1698116127",,75139
"  ""error"" : ""ApiKeyInvalidError""",,75139
"  ""description"" : ""The provided api_key was not valid.""",,75139
},,75139
"  ""api_version"" : ""V1.0.11-0.0.49""",,75223
"  ""time_stamp"" : 1698116127",,75223
"  ""error"" : ""ApiKeyInvalidError""",,75223
"  ""description"" : ""The provided api_key was not valid.""",,75223
},,75223
"  ""api_version"" : ""V1.0.11-0.0.49""",,76071
"  ""time_stamp"" : 1698116128",,76071
"  ""error"" : ""ApiKeyInvalidError""",,76071
"  ""description"" : ""The provided api_key was not valid.""",,76071
},,76071
"  ""api_version"" : ""V1.0.11-0.0.49""",,76125
"  ""time_stamp"" : 1698116128",,76125
"  ""error"" : ""ApiKeyInvalidError""",,76125
"  ""description"" : ""The provided api_key was not valid.""",,76125
},,76125
"  ""api_version"" : ""V1.0.11-0.0.49""",,76695
"  ""time_stamp"" : 1698116128",,76695
"  ""error"" : ""ApiKeyInvalidError""",,76695
"  ""description"" : ""The provided api_key was not valid.""",,76695
},,76695
"  ""api_version"" : ""V1.0.11-0.0.49""",,77149
"  ""time_stamp"" : 1698116128",,77149
"  ""error"" : ""ApiKeyInvalidError""",,77149
"  ""description"" : ""The provided api_key was not valid.""",,77149
},,77149
"  ""api_version"" : ""V1.0.11-0.0.49""",,77221
"  ""time_stamp"" : 1698116128",,77221
"  ""error"" : ""ApiKeyInvalidError""",,77221
"  ""description"" : ""The provided api_key was not valid.""",,77221
},,77221
"  ""api_version"" : ""V1.0.11-0.0.49""",,77397
"  ""time_stamp"" : 1698116128",,77397
"  ""error"" : ""ApiKeyInvalidError""",,77397
"  ""description"" : ""The provided api_key was not valid.""",,77397
},,77397
"  ""api_version"" : ""V1.0.11-0.0.49""",,77457
"  ""time_stamp"" : 1698116129",,77457
"  ""error"" : ""ApiKeyInvalidError""",,77457
"  ""description"" : ""The provided api_key was not valid.""",,77457
},,77457
"  ""api_version"" : ""V1.0.11-0.0.49""",,77703
"  ""time_stamp"" : 1698116129",,77703
"  ""error"" : ""ApiKeyInvalidError""",,77703
"  ""description"" : ""The provided api_key was not valid.""",,77703
},,77703
"  ""api_version"" : ""V1.0.11-0.0.49""",,77887
"  ""time_stamp"" : 1698116129",,77887
"  ""error"" : ""ApiKeyInvalidError""",,77887
"  ""description"" : ""The provided api_key was not valid.""",,77887
},,77887
"  ""api_version"" : ""V1.0.11-0.0.49""",,78475
"  ""time_stamp"" : 1698116129",,78475
"  ""error"" : ""ApiKeyInvalidError""",,78475
"  ""description"" : ""The provided api_key was not valid.""",,78475
},,78475
"  ""api_version"" : ""V1.0.11-0.0.49""",,78823
"  ""time_stamp"" : 1698116129",,78823
"  ""error"" : ""ApiKeyInvalidError""",,78823
"  ""description"" : ""The provided api_key was not valid.""",,78823
},,78823
"  ""api_version"" : ""V1.0.11-0.0.49""",,80799
"  ""time_stamp"" : 1698116129",,80799
"  ""error"" : ""ApiKeyInvalidError""",,80799
"  ""description"" : ""The provided api_key was not valid.""",,80799
},,80799
"  ""api_version"" : ""V1.0.11-0.0.49""",,80833
"  ""time_stamp"" : 1698116130",,80833
"  ""error"" : ""ApiKeyInvalidError""",,80833
"  ""description"" : ""The provided api_key was not valid.""",,80833
},,80833
"  ""api_version"" : ""V1.0.11-0.0.49""",,81017
"  ""time_stamp"" : 1698116130",,81017
"  ""error"" : ""ApiKeyInvalidError""",,81017
"  ""description"" : ""The provided api_key was not valid.""",,81017
},,81017
"  ""api_version"" : ""V1.0.11-0.0.49""",,81043
"  ""time_stamp"" : 1698116130",,81043
"  ""error"" : ""ApiKeyInvalidError""",,81043
"  ""description"" : ""The provided api_key was not valid.""",,81043
},,81043
"  ""api_version"" : ""V1.0.11-0.0.49""",,81245
"  ""time_stamp"" : 1698116130",,81245
"  ""error"" : ""ApiKeyInvalidError""",,81245
"  ""description"" : ""The provided api_key was not valid.""",,81245
},,81245
"  ""api_version"" : ""V1.0.11-0.0.49""",,81291
"  ""time_stamp"" : 1698116130",,81291
"  ""error"" : ""ApiKeyInvalidError""",,81291
"  ""description"" : ""The provided api_key was not valid.""",,81291
},,81291
"  ""api_version"" : ""V1.0.11-0.0.49""",,82055
"  ""time_stamp"" : 1698116130",,82055
"  ""error"" : ""ApiKeyInvalidError""",,82055
"  ""description"" : ""The provided api_key was not valid.""",,82055
},,82055
"  ""api_version"" : ""V1.0.11-0.0.49""",,82105
"  ""time_stamp"" : 1698116131",,82105
"  ""error"" : ""ApiKeyInvalidError""",,82105
"  ""description"" : ""The provided api_key was not valid.""",,82105
},,82105
"  ""api_version"" : ""V1.0.11-0.0.49""",,83191
"  ""time_stamp"" : 1698116131",,83191
"  ""error"" : ""ApiKeyInvalidError""",,83191
"  ""description"" : ""The provided api_key was not valid.""",,83191
},,83191
"  ""api_version"" : ""V1.0.11-0.0.49""",,83449
"  ""time_stamp"" : 1698116131",,83449
"  ""error"" : ""ApiKeyInvalidError""",,83449
"  ""description"" : ""The provided api_key was not valid.""",,83449
},,83449
"  ""api_version"" : ""V1.0.11-0.0.49""",,83737
"  ""time_stamp"" : 1698116131",,83737
"  ""error"" : ""ApiKeyInvalidError""",,83737
"  ""description"" : ""The provided api_key was not valid.""",,83737
},,83737
"  ""api_version"" : ""V1.0.11-0.0.49""",,84197
"  ""time_stamp"" : 1698116131",,84197
"  ""error"" : ""ApiKeyInvalidError""",,84197
"  ""description"" : ""The provided api_key was not valid.""",,84197
},,84197
"  ""api_version"" : ""V1.0.11-0.0.49""",,84395
"  ""time_stamp"" : 1698116132",,84395
"  ""error"" : ""ApiKeyInvalidError""",,84395
"  ""description"" : ""The provided api_key was not valid.""",,84395
},,84395
"  ""api_version"" : ""V1.0.11-0.0.49""",,84711
"  ""time_stamp"" : 1698116132",,84711
"  ""error"" : ""ApiKeyInvalidError""",,84711
"  ""description"" : ""The provided api_key was not valid.""",,84711
},,84711
"  ""api_version"" : ""V1.0.11-0.0.49""",,84721
"  ""time_stamp"" : 1698116132",,84721
"  ""error"" : ""ApiKeyInvalidError""",,84721
"  ""description"" : ""The provided api_key was not valid.""",,84721
},,84721
"  ""api_version"" : ""V1.0.11-0.0.49""",,84923
"  ""time_stamp"" : 1698116133",,84923
"  ""error"" : ""ApiKeyInvalidError""",,84923
"  ""description"" : ""The provided api_key was not valid.""",,84923
},,84923
"  ""api_version"" : ""V1.0.11-0.0.49""",,85071
"  ""time_stamp"" : 1698116134",,85071
"  ""error"" : ""ApiKeyInvalidError""",,85071
"  ""description"" : ""The provided api_key was not valid.""",,85071
},,85071
"  ""api_version"" : ""V1.0.11-0.0.49""",,85165
"  ""time_stamp"" : 1698116134",,85165
"  ""error"" : ""ApiKeyInvalidError""",,85165
"  ""description"" : ""The provided api_key was not valid.""",,85165
},,85165
"  ""api_version"" : ""V1.0.11-0.0.49""",,85357
"  ""time_stamp"" : 1698116134",,85357
"  ""error"" : ""ApiKeyInvalidError""",,85357
"  ""description"" : ""The provided api_key was not valid.""",,85357
},,85357
"  ""api_version"" : ""V1.0.11-0.0.49""",,85571
"  ""time_stamp"" : 1698116141",,85571
"  ""error"" : ""ApiKeyInvalidError""",,85571
"  ""description"" : ""The provided api_key was not valid.""",,85571
},,85571
"  ""api_version"" : ""V1.0.11-0.0.49""",,85591
"  ""time_stamp"" : 1698116141",,85591
"  ""error"" : ""ApiKeyInvalidError""",,85591
"  ""description"" : ""The provided api_key was not valid.""",,85591
},,85591
"  ""api_version"" : ""V1.0.11-0.0.49""",,85835
"  ""time_stamp"" : 1698116142",,85835
"  ""error"" : ""ApiKeyInvalidError""",,85835
"  ""description"" : ""The provided api_key was not valid.""",,85835
},,85835
"  ""api_version"" : ""V1.0.11-0.0.49""",,87307
"  ""time_stamp"" : 1698116142",,87307
"  ""error"" : ""ApiKeyInvalidError""",,87307
"  ""description"" : ""The provided api_key was not valid.""",,87307
},,87307
"  ""api_version"" : ""V1.0.11-0.0.49""",,91685
"  ""time_stamp"" : 1698116142",,91685
"  ""error"" : ""ApiKeyInvalidError""",,91685
"  ""description"" : ""The provided api_key was not valid.""",,91685
},,91685
"  ""api_version"" : ""V1.0.11-0.0.49""",,91981
"  ""time_stamp"" : 1698116142",,91981
"  ""error"" : ""ApiKeyInvalidError""",,91981
"  ""description"" : ""The provided api_key was not valid.""",,91981
},,91981
"  ""api_version"" : ""V1.0.11-0.0.49""",,92097
"  ""time_stamp"" : 1698116142",,92097
"  ""error"" : ""ApiKeyInvalidError""",,92097
"  ""description"" : ""The provided api_key was not valid.""",,92097
},,92097
"  ""api_version"" : ""V1.0.11-0.0.49""",,93855
"  ""time_stamp"" : 1698116142",,93855
"  ""error"" : ""ApiKeyInvalidError""",,93855
"  ""description"" : ""The provided api_key was not valid.""",,93855
},,93855
"  ""api_version"" : ""V1.0.11-0.0.49""",,95573
"  ""time_stamp"" : 1698116143",,95573
"  ""error"" : ""ApiKeyInvalidError""",,95573
"  ""description"" : ""The provided api_key was not valid.""",,95573
},,95573
"  ""api_version"" : ""V1.0.11-0.0.49""",,96173
"  ""time_stamp"" : 1698116143",,96173
"  ""error"" : ""ApiKeyInvalidError""",,96173
"  ""description"" : ""The provided api_key was not valid.""",,96173
},,96173
"  ""api_version"" : ""V1.0.11-0.0.49""",,96309
"  ""time_stamp"" : 1698116143",,96309
"  ""error"" : ""ApiKeyInvalidError""",,96309
"  ""description"" : ""The provided api_key was not valid.""",,96309
},,96309
"  ""api_version"" : ""V1.0.11-0.0.49""",,97215
"  ""time_stamp"" : 1698116143",,97215
"  ""error"" : ""ApiKeyInvalidError""",,97215
"  ""description"" : ""The provided api_key was not valid.""",,97215
},,97215
"  ""api_version"" : ""V1.0.11-0.0.49""",,98099
"  ""time_stamp"" : 1698116143",,98099
"  ""error"" : ""ApiKeyInvalidError""",,98099
"  ""description"" : ""The provided api_key was not valid.""",,98099
},,98099
"  ""api_version"" : ""V1.0.11-0.0.49""",,101515
"  ""time_stamp"" : 1698116143",,101515
"  ""error"" : ""ApiKeyInvalidError""",,101515
"  ""description"" : ""The provided api_key was not valid.""",,101515
},,101515
"  ""api_version"" : ""V1.0.11-0.0.49""",,103290
"  ""time_stamp"" : 1698116143",,103290
"  ""error"" : ""ApiKeyInvalidError""",,103290
"  ""description"" : ""The provided api_key was not valid.""",,103290
},,103290
"  ""api_version"" : ""V1.0.11-0.0.49""",,103850
"  ""time_stamp"" : 1698116144",,103850
"  ""error"" : ""ApiKeyInvalidError""",,103850
"  ""description"" : ""The provided api_key was not valid.""",,103850
},,103850
"  ""api_version"" : ""V1.0.11-0.0.49""",,103852
"  ""time_stamp"" : 1698116144",,103852
"  ""error"" : ""ApiKeyInvalidError""",,103852
"  ""description"" : ""The provided api_key was not valid.""",,103852
},,103852
"  ""api_version"" : ""V1.0.11-0.0.49""",,105206
"  ""time_stamp"" : 1698116144",,105206
"  ""error"" : ""ApiKeyInvalidError""",,105206
"  ""description"" : ""The provided api_key was not valid.""",,105206
},,105206
"  ""api_version"" : ""V1.0.11-0.0.49""",,106120
"  ""time_stamp"" : 1698116144",,106120
"  ""error"" : ""ApiKeyInvalidError""",,106120
"  ""description"" : ""The provided api_key was not valid.""",,106120
},,106120
"  ""api_version"" : ""V1.0.11-0.0.49""",,107652
"  ""time_stamp"" : 1698116144",,107652
"  ""error"" : ""ApiKeyInvalidError""",,107652
"  ""description"" : ""The provided api_key was not valid.""",,107652
},,107652
"  ""api_version"" : ""V1.0.11-0.0.49""",,108628
"  ""time_stamp"" : 1698116144",,108628
"  ""error"" : ""ApiKeyInvalidError""",,108628
"  ""description"" : ""The provided api_key was not valid.""",,108628
},,108628
"  ""api_version"" : ""V1.0.11-0.0.49""",,108774
"  ""time_stamp"" : 1698116145",,108774
"  ""error"" : ""ApiKeyInvalidError""",,108774
"  ""description"" : ""The provided api_key was not valid.""",,108774
},,108774
"  ""api_version"" : ""V1.0.11-0.0.49""",,109322
"  ""time_stamp"" : 1698116145",,109322
"  ""error"" : ""ApiKeyInvalidError""",,109322
"  ""description"" : ""The provided api_key was not valid.""",,109322
},,109322
"  ""api_version"" : ""V1.0.11-0.0.49""",,109324
"  ""time_stamp"" : 1698116145",,109324
"  ""error"" : ""ApiKeyInvalidError""",,109324
"  ""description"" : ""The provided api_key was not valid.""",,109324
},,109324
"  ""api_version"" : ""V1.0.11-0.0.49""",,110036
"  ""time_stamp"" : 1698116145",,110036
"  ""error"" : ""ApiKeyInvalidError""",,110036
"  ""description"" : ""The provided api_key was not valid.""",,110036
},,110036
"  ""api_version"" : ""V1.0.11-0.0.49""",,110306
"  ""time_stamp"" : 1698116146",,110306
"  ""error"" : ""ApiKeyInvalidError""",,110306
"  ""description"" : ""The provided api_key was not valid.""",,110306
},,110306
"  ""api_version"" : ""V1.0.11-0.0.49""",,110480
"  ""time_stamp"" : 1698116146",,110480
"  ""error"" : ""ApiKeyInvalidError""",,110480
"  ""description"" : ""The provided api_key was not valid.""",,110480
},,110480
"  ""api_version"" : ""V1.0.11-0.0.49""",,110662
"  ""time_stamp"" : 1698116146",,110662
"  ""error"" : ""ApiKeyInvalidError""",,110662
"  ""description"" : ""The provided api_key was not valid.""",,110662
},,110662
"  ""api_version"" : ""V1.0.11-0.0.49""",,110985
"  ""time_stamp"" : 1698116146",,110985
"  ""error"" : ""ApiKeyInvalidError""",,110985
"  ""description"" : ""The provided api_key was not valid.""",,110985
},,110985
"  ""api_version"" : ""V1.0.11-0.0.49""",,111530
"  ""time_stamp"" : 1698116146",,111530
"  ""error"" : ""ApiKeyInvalidError""",,111530
"  ""description"" : ""The provided api_key was not valid.""",,111530
},,111530
"  ""api_version"" : ""V1.0.11-0.0.49""",,111686
"  ""time_stamp"" : 1698116147",,111686
"  ""error"" : ""ApiKeyInvalidError""",,111686
"  ""description"" : ""The provided api_key was not valid.""",,111686
},,111686
"  ""api_version"" : ""V1.0.11-0.0.49""",,112008
"  ""time_stamp"" : 1698116147",,112008
"  ""error"" : ""ApiKeyInvalidError""",,112008
"  ""description"" : ""The provided api_key was not valid.""",,112008
},,112008
"  ""api_version"" : ""V1.0.11-0.0.49""",,112308
"  ""time_stamp"" : 1698116147",,112308
"  ""error"" : ""ApiKeyInvalidError""",,112308
"  ""description"" : ""The provided api_key was not valid.""",,112308
},,112308
"  ""api_version"" : ""V1.0.11-0.0.49""",,112378
"  ""time_stamp"" : 1698116147",,112378
"  ""error"" : ""ApiKeyInvalidError""",,112378
"  ""description"" : ""The provided api_key was not valid.""",,112378
},,112378
"  ""api_version"" : ""V1.0.11-0.0.49""",,112478
"  ""time_stamp"" : 1698116147",,112478
"  ""error"" : ""ApiKeyInvalidError""",,112478
"  ""description"" : ""The provided api_key was not valid.""",,112478
},,112478
"  ""api_version"" : ""V1.0.11-0.0.49""",,112488
"  ""time_stamp"" : 1698116148",,112488
"  ""error"" : ""ApiKeyInvalidError""",,112488
"  ""description"" : ""The provided api_key was not valid.""",,112488
},,112488
"  ""api_version"" : ""V1.0.11-0.0.49""",,112492
"  ""time_stamp"" : 1698116148",,112492
"  ""error"" : ""ApiKeyInvalidError""",,112492
"  ""description"" : ""The provided api_key was not valid.""",,112492
},,112492
"  ""api_version"" : ""V1.0.11-0.0.49""",,113222
"  ""time_stamp"" : 1698116148",,113222
"  ""error"" : ""ApiKeyInvalidError""",,113222
"  ""description"" : ""The provided api_key was not valid.""",,113222
},,113222
"  ""api_version"" : ""V1.0.11-0.0.49""",,113268
"  ""time_stamp"" : 1698116148",,113268
"  ""error"" : ""ApiKeyInvalidError""",,113268
"  ""description"" : ""The provided api_key was not valid.""",,113268
},,113268
"  ""api_version"" : ""V1.0.11-0.0.49""",,113338
"  ""time_stamp"" : 1698116148",,113338
"  ""error"" : ""ApiKeyInvalidError""",,113338
"  ""description"" : ""The provided api_key was not valid.""",,113338
},,113338
"  ""api_version"" : ""V1.0.11-0.0.49""",,113346
"  ""time_stamp"" : 1698116148",,113346
"  ""error"" : ""ApiKeyInvalidError""",,113346
"  ""description"" : ""The provided api_key was not valid.""",,113346
},,113346
"  ""api_version"" : ""V1.0.11-0.0.49""",,113404
"  ""time_stamp"" : 1698116148",,113404
"  ""error"" : ""ApiKeyInvalidError""",,113404
"  ""description"" : ""The provided api_key was not valid.""",,113404
},,113404
"  ""api_version"" : ""V1.0.11-0.0.49""",,113414
"  ""time_stamp"" : 1698116149",,113414
"  ""error"" : ""ApiKeyInvalidError""",,113414
"  ""description"" : ""The provided api_key was not valid.""",,113414
},,113414
"  ""api_version"" : ""V1.0.11-0.0.49""",,113608
"  ""time_stamp"" : 1698116149",,113608
"  ""error"" : ""ApiKeyInvalidError""",,113608
"  ""description"" : ""The provided api_key was not valid.""",,113608
},,113608
"  ""api_version"" : ""V1.0.11-0.0.49""",,113997
"  ""time_stamp"" : 1698116149",,113997
"  ""error"" : ""ApiKeyInvalidError""",,113997
"  ""description"" : ""The provided api_key was not valid.""",,113997
},,113997
"  ""api_version"" : ""V1.0.11-0.0.49""",,114189
"  ""time_stamp"" : 1698116149",,114189
"  ""error"" : ""ApiKeyInvalidError""",,114189
"  ""description"" : ""The provided api_key was not valid.""",,114189
},,114189
"  ""api_version"" : ""V1.0.11-0.0.49""",,114213
"  ""time_stamp"" : 1698116149",,114213
"  ""error"" : ""ApiKeyInvalidError""",,114213
"  ""description"" : ""The provided api_key was not valid.""",,114213
},,114213
"  ""api_version"" : ""V1.0.11-0.0.49""",,115633
"  ""time_stamp"" : 1698116150",,115633
"  ""error"" : ""ApiKeyInvalidError""",,115633
"  ""description"" : ""The provided api_key was not valid.""",,115633
},,115633
"  ""api_version"" : ""V1.0.11-0.0.49""",,116023
"  ""time_stamp"" : 1698116150",,116023
"  ""error"" : ""ApiKeyInvalidError""",,116023
"  ""description"" : ""The provided api_key was not valid.""",,116023
},,116023
"  ""api_version"" : ""V1.0.11-0.0.49""",,116079
"  ""time_stamp"" : 1698116150",,116079
"  ""error"" : ""ApiKeyInvalidError""",,116079
"  ""description"" : ""The provided api_key was not valid.""",,116079
},,116079
"  ""api_version"" : ""V1.0.11-0.0.49""",,116097
"  ""time_stamp"" : 1698116150",,116097
"  ""error"" : ""ApiKeyInvalidError""",,116097
"  ""description"" : ""The provided api_key was not valid.""",,116097
},,116097
"  ""api_version"" : ""V1.0.11-0.0.49""",,116153
"  ""time_stamp"" : 1698116150",,116153
"  ""error"" : ""ApiKeyInvalidError""",,116153
"  ""description"" : ""The provided api_key was not valid.""",,116153
},,116153
"  ""api_version"" : ""V1.0.11-0.0.49""",,116225
"  ""time_stamp"" : 1698116150",,116225
"  ""error"" : ""ApiKeyInvalidError""",,116225
"  ""description"" : ""The provided api_key was not valid.""",,116225
},,116225
"  ""api_version"" : ""V1.0.11-0.0.49""",,116229
"  ""time_stamp"" : 1698116150",,116229
"  ""error"" : ""ApiKeyInvalidError""",,116229
"  ""description"" : ""The provided api_key was not valid.""",,116229
},,116229
"  ""api_version"" : ""V1.0.11-0.0.49""",,116431
"  ""time_stamp"" : 1698116151",,116431
"  ""error"" : ""ApiKeyInvalidError""",,116431
"  ""description"" : ""The provided api_key was not valid.""",,116431
},,116431
"  ""api_version"" : ""V1.0.11-0.0.49""",,117015
"  ""time_stamp"" : 1698116151",,117015
"  ""error"" : ""ApiKeyInvalidError""",,117015
"  ""description"" : ""The provided api_key was not valid.""",,117015
},,117015
"  ""api_version"" : ""V1.0.11-0.0.49""",,117935
"  ""time_stamp"" : 1698116151",,117935
"  ""error"" : ""ApiKeyInvalidError""",,117935
"  ""description"" : ""The provided api_key was not valid.""",,117935
},,117935
"  ""api_version"" : ""V1.0.11-0.0.49""",,117971
"  ""time_stamp"" : 1698116151",,117971
"  ""error"" : ""ApiKeyInvalidError""",,117971
"  ""description"" : ""The provided api_key was not valid.""",,117971
},,117971
"  ""api_version"" : ""V1.0.11-0.0.49""",,118973
"  ""time_stamp"" : 1698116151",,118973
"  ""error"" : ""ApiKeyInvalidError""",,118973
"  ""description"" : ""The provided api_key was not valid.""",,118973
},,118973
"  ""api_version"" : ""V1.0.11-0.0.49""",,118977
"  ""time_stamp"" : 1698116151",,118977
"  ""error"" : ""ApiKeyInvalidError""",,118977
"  ""description"" : ""The provided api_key was not valid.""",,118977
},,118977
"  ""api_version"" : ""V1.0.11-0.0.49""",,119005
"  ""time_stamp"" : 1698116152",,119005
"  ""error"" : ""ApiKeyInvalidError""",,119005
"  ""description"" : ""The provided api_key was not valid.""",,119005
},,119005
"  ""api_version"" : ""V1.0.11-0.0.49""",,119485
"  ""time_stamp"" : 1698116152",,119485
"  ""error"" : ""ApiKeyInvalidError""",,119485
"  ""description"" : ""The provided api_key was not valid.""",,119485
},,119485
"  ""api_version"" : ""V1.0.11-0.0.49""",,119607
"  ""time_stamp"" : 1698116152",,119607
"  ""error"" : ""ApiKeyInvalidError""",,119607
"  ""description"" : ""The provided api_key was not valid.""",,119607
},,119607
"  ""api_version"" : ""V1.0.11-0.0.49""",,119647
"  ""time_stamp"" : 1698116152",,119647
"  ""error"" : ""ApiKeyInvalidError""",,119647
"  ""description"" : ""The provided api_key was not valid.""",,119647
},,119647
"  ""api_version"" : ""V1.0.11-0.0.49""",,119963
"  ""time_stamp"" : 1698116152",,119963
"  ""error"" : ""ApiKeyInvalidError""",,119963
"  ""description"" : ""The provided api_key was not valid.""",,119963
},,119963
"  ""api_version"" : ""V1.0.11-0.0.49""",,120669
"  ""time_stamp"" : 1698116152",,120669
"  ""error"" : ""ApiKeyInvalidError""",,120669
"  ""description"" : ""The provided api_key was not valid.""",,120669
},,120669
"  ""api_version"" : ""V1.0.11-0.0.49""",,121107
"  ""time_stamp"" : 1698116153",,121107
"  ""error"" : ""ApiKeyInvalidError""",,121107
"  ""description"" : ""The provided api_key was not valid.""",,121107
},,121107
"  ""api_version"" : ""V1.0.11-0.0.49""",,121427
"  ""time_stamp"" : 1698116153",,121427
"  ""error"" : ""ApiKeyInvalidError""",,121427
"  ""description"" : ""The provided api_key was not valid.""",,121427
},,121427
"  ""api_version"" : ""V1.0.11-0.0.49""",,122013
"  ""time_stamp"" : 1698116153",,122013
"  ""error"" : ""ApiKeyInvalidError""",,122013
"  ""description"" : ""The provided api_key was not valid.""",,122013
},,122013
"  ""api_version"" : ""V1.0.11-0.0.49""",,122061
"  ""time_stamp"" : 1698116153",,122061
"  ""error"" : ""ApiKeyInvalidError""",,122061
"  ""description"" : ""The provided api_key was not valid.""",,122061
},,122061
"  ""api_version"" : ""V1.0.11-0.0.49""",,125947
"  ""time_stamp"" : 1698116153",,125947
"  ""error"" : ""ApiKeyInvalidError""",,125947
"  ""description"" : ""The provided api_key was not valid.""",,125947
},,125947
"  ""api_version"" : ""V1.0.11-0.0.49""",,126137
"  ""time_stamp"" : 1698116153",,126137
"  ""error"" : ""ApiKeyInvalidError""",,126137
"  ""description"" : ""The provided api_key was not valid.""",,126137
},,126137
"  ""api_version"" : ""V1.0.11-0.0.49""",,126591
"  ""time_stamp"" : 1698116154",,126591
"  ""error"" : ""ApiKeyInvalidError""",,126591
"  ""description"" : ""The provided api_key was not valid.""",,126591
},,126591
"  ""api_version"" : ""V1.0.11-0.0.49""",,127975
"  ""time_stamp"" : 1698116154",,127975
"  ""error"" : ""ApiKeyInvalidError""",,127975
"  ""description"" : ""The provided api_key was not valid.""",,127975
},,127975
"  ""api_version"" : ""V1.0.11-0.0.49""",,131817
"  ""time_stamp"" : 1698116154",,131817
"  ""error"" : ""ApiKeyInvalidError""",,131817
"  ""description"" : ""The provided api_key was not valid.""",,131817
},,131817
"  ""api_version"" : ""V1.0.11-0.0.49""",,132743
"  ""time_stamp"" : 1698116154",,132743
"  ""error"" : ""ApiKeyInvalidError""",,132743
"  ""description"" : ""The provided api_key was not valid.""",,132743
},,132743
"  ""api_version"" : ""V1.0.11-0.0.49""",,132995
"  ""time_stamp"" : 1698116154",,132995
"  ""error"" : ""ApiKeyInvalidError""",,132995
"  ""description"" : ""The provided api_key was not valid.""",,132995
},,132995
"  ""api_version"" : ""V1.0.11-0.0.49""",,135066
"  ""time_stamp"" : 1698116155",,135066
"  ""error"" : ""ApiKeyInvalidError""",,135066
"  ""description"" : ""The provided api_key was not valid.""",,135066
},,135066
"  ""api_version"" : ""V1.0.11-0.0.49""",,137014
"  ""time_stamp"" : 1698116155",,137014
"  ""error"" : ""ApiKeyInvalidError""",,137014
"  ""description"" : ""The provided api_key was not valid.""",,137014
},,137014
"  ""api_version"" : ""V1.0.11-0.0.49""",,140448
"  ""time_stamp"" : 1698116155",,140448
"  ""error"" : ""ApiKeyInvalidError""",,140448
"  ""description"" : ""The provided api_key was not valid.""",,140448
},,140448
"  ""api_version"" : ""V1.0.11-0.0.49""",,147595
"  ""time_stamp"" : 1698116155",,147595
"  ""error"" : ""ApiKeyInvalidError""",,147595
"  ""description"" : ""The provided api_key was not valid.""",,147595
},,147595
"  ""api_version"" : ""V1.0.11-0.0.49""",,150814
"  ""time_stamp"" : 1698116155",,150814
"  ""error"" : ""ApiKeyInvalidError""",,150814
"  ""description"" : ""The provided api_key was not valid.""",,150814
},,150814
"  ""api_version"" : ""V1.0.11-0.0.49""",,153472
"  ""time_stamp"" : 1698116155",,153472
"  ""error"" : ""ApiKeyInvalidError""",,153472
"  ""description"" : ""The provided api_key was not valid.""",,153472
},,153472
"  ""api_version"" : ""V1.0.11-0.0.49""",,153952
"  ""time_stamp"" : 1698116155",,153952
"  ""error"" : ""ApiKeyInvalidError""",,153952
"  ""description"" : ""The provided api_key was not valid.""",,153952
},,153952
"  ""api_version"" : ""V1.0.11-0.0.49""",,154275
"  ""time_stamp"" : 1698116156",,154275
"  ""error"" : ""ApiKeyInvalidError""",,154275
"  ""description"" : ""The provided api_key was not valid.""",,154275
},,154275
"  ""api_version"" : ""V1.0.11-0.0.49""",,154625
"  ""time_stamp"" : 1698116156",,154625
"  ""error"" : ""ApiKeyInvalidError""",,154625
"  ""description"" : ""The provided api_key was not valid.""",,154625
},,154625
"  ""api_version"" : ""V1.0.11-0.0.49""",,156837
"  ""time_stamp"" : 1698116156",,156837
"  ""error"" : ""ApiKeyInvalidError""",,156837
"  ""description"" : ""The provided api_key was not valid.""",,156837
},,156837
"  ""api_version"" : ""V1.0.11-0.0.49""",,163857
"  ""time_stamp"" : 1698116156",,163857
"  ""error"" : ""ApiKeyInvalidError""",,163857
"  ""description"" : ""The provided api_key was not valid.""",,163857
},,163857
"  ""api_version"" : ""V1.0.11-0.0.49""",,167301
"  ""time_stamp"" : 1698116156",,167301
"  ""error"" : ""ApiKeyInvalidError""",,167301
"  ""description"" : ""The provided api_key was not valid.""",,167301
},,167301
"  ""api_version"" : ""V1.0.11-0.0.49""",,168369
"  ""time_stamp"" : 1698116156",,168369
"  ""error"" : ""ApiKeyInvalidError""",,168369
"  ""description"" : ""The provided api_key was not valid.""",,168369
},,168369
"  ""api_version"" : ""V1.0.11-0.0.49""",,169977
"  ""time_stamp"" : 1698116157",,169977
"  ""error"" : ""ApiKeyInvalidError""",,169977
"  ""description"" : ""The provided api_key was not valid.""",,169977
},,169977
"  ""api_version"" : ""V1.0.11-0.0.49""",,172191
"  ""time_stamp"" : 1698116157",,172191
"  ""error"" : ""ApiKeyInvalidError""",,172191
"  ""description"" : ""The provided api_key was not valid.""",,172191
},,172191
"  ""api_version"" : ""V1.0.11-0.0.49""",,173517
"  ""time_stamp"" : 1698116157",,173517
"  ""error"" : ""ApiKeyInvalidError""",,173517
"  ""description"" : ""The provided api_key was not valid.""",,173517
},,173517
"  ""api_version"" : ""V1.0.11-0.0.49""",,176025
"  ""time_stamp"" : 1698116157",,176025
"  ""error"" : ""ApiKeyInvalidError""",,176025
"  ""description"" : ""The provided api_key was not valid.""",,176025
},,176025
"  ""api_version"" : ""V1.0.11-0.0.49""",,187603
"  ""time_stamp"" : 1698116157",,187603
"  ""error"" : ""ApiKeyInvalidError""",,187603
"  ""description"" : ""The provided api_key was not valid.""",,187603
},,187603
"  ""api_version"" : ""V1.0.11-0.0.49""",,192629
"  ""time_stamp"" : 1698116158",,192629
"  ""error"" : ""ApiKeyInvalidError""",,192629
"  ""description"" : ""The provided api_key was not valid.""",,192629
},,192629
"  ""api_version"" : ""V1.0.11-0.0.49""",,192655
"  ""time_stamp"" : 1698116158",,192655
"  ""error"" : ""ApiKeyInvalidError""",,192655
"  ""description"" : ""The provided api_key was not valid.""",,192655
},,192655
"  ""api_version"" : ""V1.0.11-0.0.49""",,193877
"  ""time_stamp"" : 1698116158",,193877
"  ""error"" : ""ApiKeyInvalidError""",,193877
"  ""description"" : ""The provided api_key was not valid.""",,193877
},,193877
"  ""api_version"" : ""V1.0.11-0.0.49""",,194233
"  ""time_stamp"" : 1698116158",,194233
"  ""error"" : ""ApiKeyInvalidError""",,194233
"  ""description"" : ""The provided api_key was not valid.""",,194233
},,194233
"  ""api_version"" : ""V1.0.11-0.0.49""",,195395
"  ""time_stamp"" : 1698116158",,195395
"  ""error"" : ""ApiKeyInvalidError""",,195395
"  ""description"" : ""The provided api_key was not valid.""",,195395
},,195395
"  ""api_version"" : ""V1.0.11-0.0.49""",,195663
"  ""time_stamp"" : 1698116159",,195663
"  ""error"" : ""ApiKeyInvalidError""",,195663
"  ""description"" : ""The provided api_key was not valid.""",,195663
},,195663
"  ""api_version"" : ""V1.0.11-0.0.49""",,196079
"  ""time_stamp"" : 1698116159",,196079
"  ""error"" : ""ApiKeyInvalidError""",,196079
"  ""description"" : ""The provided api_key was not valid.""",,196079
},,196079
"  ""api_version"" : ""V1.0.11-0.0.49""",,196485
"  ""time_stamp"" : 1698116159",,196485
"  ""error"" : ""ApiKeyInvalidError""",,196485
"  ""description"" : ""The provided api_key was not valid.""",,196485
},,196485
"  ""api_version"" : ""V1.0.11-0.0.49""",,198235
"  ""time_stamp"" : 1698116159",,198235
"  ""error"" : ""ApiKeyInvalidError""",,198235
"  ""description"" : ""The provided api_key was not valid.""",,198235
},,198235
